# X,Y,Z
9.947729755573011534e-01,2.316083612470410530e-02,-9.945000136187950868e-02
8.732671212883790224e-01,3.197673795496713128e-02,4.861913441295174776e-01
5.123852478674153499e-01,2.053099924751021141e-02,8.585102421274576345e-01
9.500482503480879304e-01,5.048273771757422201e-02,-3.079932064235759159e-01
9.634822525726126630e-01,5.570869714551230506e-02,2.619131345311910830e-01
9.365483685892840304e-01,5.975687890833384502e-02,3.454073952825637561e-01
9.888224147629522953e-01,6.247133527322473040e-02,-1.353793349501480336e-01
9.439706655333853780e-01,6.038210267100144885e-02,-3.244586018115195314e-01
9.846160080826458216e-01,8.366848155414569055e-02,-1.533978546845377045e-01
4.229715809844888930e-01,3.713849962784186026e-02,-9.053815623950350888e-01
9.725215920053251750e-01,9.734199500980790509e-02,-2.114859075469056604e-01
2.192352203897889595e-01,2.473808983531045405e-02,-9.753583674998337338e-01
7.347012509136641167e-01,8.462884757567644411e-02,-6.730913980017202425e-01
9.445138521814786525e-01,1.161739191361518264e-01,3.072412790460467003e-01
7.610992546173888096e-01,9.493482420894169826e-02,-6.416504529518174405e-01
5.982864091879691593e-01,8.324971292721800031e-02,7.969459566862120425e-01
7.042245092432308784e-01,1.139859045673971838e-01,7.007674750879088199e-01
8.596600308952885294e-01,1.459987126672752100e-01,4.895600138702199677e-01
8.458077170109784548e-01,1.465841570953335948e-01,5.129545698532445019e-01
9.167220433925298284e-01,1.613403971342755039e-01,3.654996188927958634e-01
5.428044951417726471e-01,9.695295044264136408e-02,8.342442121191803173e-01
9.339766680225548567e-01,1.798132942794930522e-01,-3.087956651085677628e-01
9.646904663657914769e-01,1.883469415632864907e-01,-1.841133718845748557e-01
9.439331046792983626e-01,1.944055606179177775e-01,2.668272322896108606e-01
8.922605554026761254e-01,1.869650797821456600e-01,4.109928955767528924e-01
5.204653754725374615e-01,1.132419344449089732e-01,8.463403908696580658e-01
9.689701421763571298e-01,2.089825007722397598e-01,1.319968861061168730e-01
8.894803912412468927e-01,2.081208053462123841e-01,-4.068296498282324425e-01
9.731768498996157257e-01,2.291900780408834826e-01,-1.996814831361431661e-02
5.895184909950051955e-01,1.409687487042642073e-01,7.953588879642484732e-01
5.006727862919676530e-01,1.225177103879701579e-01,8.569225004094169762e-01
4.742315517546814574e-01,1.197972271689280999e-01,8.722115911193700777e-01
9.515707752561664012e-01,2.373634969139791495e-01,-1.953756126315306096e-01
8.891944914212716045e-01,2.266803801531405982e-01,3.974281843046536533e-01
9.599413673732699603e-01,2.564450127778046262e-01,1.129093735122477377e-01
9.534105435948220242e-01,2.686351143894961102e-01,1.372716674305675122e-01
9.404995063176182502e-01,2.901891423151989891e-01,-1.767793548429380246e-01
7.755544173706123701e-01,2.435334267881211767e-01,5.824146424445085790e-01
8.883664869248737439e-01,2.863068637516748560e-01,3.589336494081293849e-01
8.232891934317931870e-01,2.661532062291478429e-01,5.013555373109707114e-01
8.626793243519891297e-01,2.875954846251608243e-01,4.160206972721601781e-01
4.946708028653369893e-01,1.802450951922398015e-01,8.501838050984641404e-01
6.558205929403592149e-01,2.463108234399593588e-01,7.136037612931176444e-01
3.466220262845945976e-01,1.364215872495511961e-01,9.280314226504805530e-01
9.240382910481381717e-01,3.548130107106899911e-01,-1.423410134404420047e-01
4.620414976092714343e-01,1.815761636262649137e-01,8.680712823782096299e-01
9.009649854167399718e-01,3.531750192201086880e-01,-2.520505918499094666e-01
6.298814280006754807e-01,2.612382177163760089e-01,7.314396627639228043e-01
9.182655700507899033e-01,3.812267574184854957e-01,1.070257085353103349e-01
8.885323932106409250e-01,3.747978724526866423e-01,2.646445559997610553e-01
4.691956135342372769e-01,2.038457361352950525e-01,8.592452456078476519e-01
6.841373770107669339e-01,3.074515682593648713e-01,6.613845950365677684e-01
6.014385458250151029e-01,2.740702080611546188e-01,7.504380032016013669e-01
6.485398202792242994e-01,3.001827175080298282e-01,6.994901268936436489e-01
8.995087472922066452e-01,4.263087925559043700e-01,9.562858847819508124e-02
5.698285818116903823e-01,2.768782710955104975e-01,7.737142950376699746e-01
7.624663328867340439e-01,3.642633007712215432e-01,-5.347497909541532035e-01
8.993502590273978470e-01,4.324656273958813468e-01,-6.436297622421760511e-02
8.424659872692704665e-01,4.151384023392004630e-01,3.433819552592556335e-01
8.641202996321525331e-01,4.217786131691935725e-01,-2.745886181849323537e-01
8.846903345961817378e-01,4.381701831518226009e-01,1.591537070532580977e-01
5.653073845579459356e-01,2.821496395244059152e-01,-7.751252427063013428e-01
8.697081320044658392e-01,4.598067593232944006e-01,-1.794032028864382400e-01
6.670836605363588134e-01,3.595192670980542071e-01,6.524915987433784759e-01
7.659435679098408611e-01,4.119081264744555715e-01,4.936214603538291446e-01
8.783809122671619729e-01,4.747159192537128147e-01,5.560367768242461400e-02
8.202481471205778085e-01,4.483287435193401005e-01,3.552383916184013168e-01
6.076390577542728488e-01,3.287091316032447752e-01,-7.229972906533883581e-01
8.065731419862350871e-01,4.501782650234991134e-01,-3.831178621871927925e-01
8.080721411627137529e-01,4.665641743867749436e-01,-3.596349341422414025e-01
6.338543216252106038e-01,3.804817761458604286e-01,6.733961070409716365e-01
7.796805342673184258e-01,4.832968260925695758e-01,3.981487691472589407e-01
6.918494537062829242e-01,4.388210944536025115e-01,5.733937394747699035e-01
7.233183549919816047e-01,4.713978906846909567e-01,5.045736675548158079e-01
8.263372346915437427e-01,5.417704309863773382e-01,1.537906846046517284e-01
8.196799091769718659e-01,5.704618208393230638e-01,-5.194379131633677232e-02
5.192690784144260441e-01,3.787095854819166330e-01,7.661192296677766800e-01
5.143327894210477647e-01,3.792796701772268575e-01,7.691610452412537269e-01
7.895339734967421474e-01,5.958121603944156464e-01,1.471189118386373451e-01
7.887296684562203897e-01,6.134659756708180645e-01,3.956016672350880919e-02
6.395188668180370462e-01,5.168565013080425041e-01,5.691001458788982337e-01
7.737872650407058295e-01,6.259020954170859685e-01,9.746709913260685754e-02
5.866257320277751264e-01,4.951524575473559842e-01,-6.408543471863873409e-01
4.924861409780629806e-01,4.288667828704471052e-01,7.573180860740671427e-01
6.486419597391668290e-01,5.835702411511521914e-01,4.885789411226390544e-01
4.122403864166402365e-01,3.800604834592476999e-01,8.280168432585064409e-01
6.247234833581666313e-01,5.679067612543985399e-01,-5.359127539650255789e-01
5.998363912999715719e-01,5.569798168600329502e-01,5.744299672569246340e-01
6.854239800965215013e-01,6.338120508214807325e-01,-3.584358404821038069e-01
4.384689701637132231e-01,4.170318397178526260e-01,7.961340382530545101e-01
7.093987268209235308e-01,6.876252729706472389e-01,-1.546768578582313480e-01
1.263283911392818204e-01,1.332736680755495784e-01,9.829950493211290219e-01
6.982547610407602301e-01,7.122878331252535666e-01,7.131852119640384735e-02
4.116467313699672670e-01,4.292487449167109448e-01,8.039231826112805956e-01
3.786622395028054200e-01,3.974261312180197292e-01,8.358632535288277321e-01
5.381837612121651571e-01,5.630623552854591152e-01,6.271515153676332499e-01
5.146517918706270400e-01,5.527098265511911634e-01,6.554734020218554447e-01
4.396855415156835645e-01,4.759268035767583727e-01,7.616891112647402595e-01
6.445642430087125119e-01,6.933505588722244095e-01,3.221830832712662129e-01
4.800500195498887956e-01,5.215782882126107634e-01,7.053425182103757463e-01
5.172582592293878401e-01,5.709067592375074440e-01,6.375808697850886553e-01
6.309902318431306334e-01,6.985145164759637426e-01,3.375334021854767830e-01
5.851054158116635318e-01,6.502341849547241814e-01,-4.846103146901910019e-01
4.130026621843056467e-01,4.759574049284375774e-01,7.764620723013221371e-01
5.349952780618723036e-01,6.304543128547750452e-01,5.624121370083626781e-01
6.481230668659766492e-01,7.613625236017519393e-01,-1.623569681327126021e-02
5.988325984359242904e-01,7.034289783211744584e-01,-3.828670676729818978e-01
5.609375134591932932e-01,6.705169412427817166e-01,4.855472556823293151e-01
5.984940533889860914e-01,7.102102488405008796e-01,-3.706835179771760802e-01
2.994759412540879961e-01,3.499295570453494486e-01,-8.876167335714348905e-01
4.697462635776876727e-01,5.594664105684640232e-01,-6.828878262939238608e-01
2.690919693605098861e-01,3.343093622226748773e-01,9.032312895133509656e-01
5.924756446522250197e-01,7.235631401537843121e-01,3.541595582569039835e-01
4.049795810202255208e-01,5.015532897952482694e-01,7.644840328301476529e-01
6.187949971712018993e-01,7.697174543787796974e-01,1.569324437474398648e-01
4.060449130920816829e-01,5.319259952826720372e-01,7.430896743291368622e-01
5.903591753647551288e-01,7.754718132940335851e-01,2.238738726361555187e-01
5.904319715680010905e-01,7.901807606317144961e-01,-1.643303151515516092e-01
5.846837555878364734e-01,8.112310157821357448e-01,7.010348406996347662e-03
2.549815583169716682e-01,3.715385279179377331e-01,8.927169356469163430e-01
4.085773576166325527e-01,6.125972984835514890e-01,6.766011326724666874e-01
5.537706000330810951e-01,8.152184594674204421e-01,-1.695788485707077076e-01
2.233229706143437521e-01,3.489319886225513700e-01,9.101501623973357047e-01
4.988647070166900011e-01,7.644181964663245843e-01,4.084101186360639124e-01
4.351951229375586316e-01,6.795480329901000260e-01,-5.906095798669787067e-01
4.432494360861544136e-01,7.242509782638756333e-01,5.281954731849991536e-01
2.467788260029091241e-01,4.153682788818899851e-01,8.755394930757391947e-01
4.432358737224090239e-01,7.331924264142407610e-01,5.157235946651375080e-01
3.248057351362659273e-01,5.438321044994816056e-01,7.737880049071933497e-01
5.207198651105859888e-01,8.521700252251631635e-01,-5.154677668834311416e-02
4.087455627605893205e-01,7.006416950057904325e-01,5.848318392007587629e-01
4.933875540710717100e-01,8.378566298642468047e-01,-2.335915008734091303e-01
4.856554798371131576e-01,8.469736325389298770e-01,2.162739482415602654e-01
4.412702379600368929e-01,7.990437458266466120e-01,4.084233947094775274e-01
4.467876486913756606e-01,8.118224722565613449e-01,3.759322685219726456e-01
3.141679764554777265e-01,5.950017919883556772e-01,7.397779059288780434e-01
4.481729228590944913e-01,8.428019596797428070e-01,2.980367225291563615e-01
2.938566021154198071e-01,5.952164642804959049e-01,7.479075197125677477e-01
3.367334391781408587e-01,6.819899772640219959e-01,6.492305151875410463e-01
4.406097920183728034e-01,8.831474433993271589e-01,1.609770306433764842e-01
6.291791967112372874e-02,1.465276814884116929e-01,9.872036132135501019e-01
4.375495158022055242e-01,8.813895016242935254e-01,-1.780532719377403428e-01
4.372953898188685073e-01,8.894035395018820012e-01,-1.331693882417732122e-01
3.300460790660694199e-01,6.619820797265946188e-01,-6.729407936913666122e-01
4.077823836043922290e-01,8.724372903408160740e-01,2.693820744680221480e-01
4.168685760427910392e-01,9.089651596443782955e-01,-1.711391458911022505e-03
3.862001190412991392e-01,8.511759871611344064e-01,3.554559141901493247e-01
3.918643603542819598e-01,8.692482014870609452e-01,3.014131505021624968e-01
3.833237900972092382e-01,8.880051294246120719e-01,2.539877202958614189e-01
3.667007935818123454e-01,8.703970208155918931e-01,3.285415561870538292e-01
3.734441981945449407e-01,8.859528828338650852e-01,2.750034913109236645e-01
3.750986455611683978e-01,9.269845841941966036e-01,-7.660055412422387940e-04
3.619485899269437867e-01,9.211380134609002956e-01,-1.431711507504337955e-01
3.612365889229929850e-01,9.193456541333759890e-01,-1.559220800571733123e-01
3.198690717533094752e-01,8.069710513527188489e-01,-4.964690314756438072e-01
2.672606111051271105e-01,7.025525604947171487e-01,6.595389795107116093e-01
3.439063994468657959e-01,8.949729129624605095e-01,2.841687412137037239e-01
3.101603977762369957e-01,8.032776263121522708e-01,-5.084737778072736525e-01
2.056701461568198608e-01,5.643971423068059323e-01,7.994721112932854368e-01
3.386376307932066343e-01,9.079006267149806186e-01,-2.470647830454779648e-01
3.203530442190823946e-01,8.854684666040317786e-01,-3.366296506689082646e-01
1.302701740826071319e-01,4.266715473115782475e-01,8.949754591379759372e-01
2.389003778418963275e-01,7.566589752226789978e-01,6.085998723972626534e-01
2.991498511165011642e-01,9.464775845303221580e-01,1.212004478482729825e-01
2.945692547224443292e-01,9.430228886237560504e-01,1.547151760622429983e-01
2.879680274934676709e-01,9.160115940295566750e-01,-2.792797428116691738e-01
2.812172874630767816e-01,9.275347793039175892e-01,2.461626909455250922e-01
2.863336112943425382e-01,9.571301576333242078e-01,4.375984908507029453e-02
2.272429886015474854e-01,8.056531535064899163e-01,5.470682045014909622e-01
2.664891755500126136e-01,9.350787519594940811e-01,2.336904939199485609e-01
2.648135154660597457e-01,9.638355623058928456e-01,2.991338932635892109e-02
1.205547322718787395e-01,4.783434126327740787e-01,8.698586874416368575e-01
1.807402500441959714e-01,6.984725447060810000e-01,6.924370486230305710e-01
1.872229592296240086e-01,7.302213438499408626e-01,6.570573434056490303e-01
2.238919155968207564e-01,8.682780908678459086e-01,-4.426799826616004685e-01
2.179873355199581919e-01,8.986779124516698358e-01,-3.806041660628768919e-01
2.247003963634477131e-01,9.703862882050020566e-01,-8.865767613595612606e-02
1.710999675977958878e-01,7.768334062465944712e-01,6.060153958665956964e-01
2.021433252288883653e-01,9.780831063851216367e-01,4.991505854387803809e-02
1.304980759020377690e-01,6.823154843318329776e-01,7.193162253326990108e-01
1.950500484779870147e-01,9.703629486264272463e-01,-1.426577250686430209e-01
1.328940690696565619e-01,7.216883169362914296e-01,6.793416957641952303e-01
1.515495351871850582e-01,8.212539913731607966e-01,5.500678322154463062e-01
1.637732184722972828e-01,9.119635811050703644e-01,3.761658672038717954e-01
1.507576780733833888e-01,8.953714635342098216e-01,-4.190251362275645985e-01
1.220600828095428497e-01,7.851364164872565166e-01,6.071755460244401270e-01
1.552118323061408567e-01,9.784951417508830351e-01,-1.358548662436864229e-01
1.543396486318026339e-01,9.878953645299548558e-01,-1.555704343502671907e-02
1.506258033468540758e-01,9.823849577230862051e-01,1.105968453687762310e-01
1.286597782201789886e-01,8.684415509508038866e-01,4.788067815418833306e-01
1.159819249328997853e-01,8.161653490496371122e-01,5.660585800953318314e-01
1.291475810758915266e-01,9.261152834710929538e-01,-3.544451777405119852e-01
1.316557770546566974e-01,9.911122071800445577e-01,-1.906171940919536290e-02
1.146319569332726190e-01,9.408416920805968697e-01,3.188674095804833741e-01
1.218388104631027424e-01,9.925361661128978552e-01,-5.221419619804178180e-03
1.020319881534827167e-01,8.079971342257176170e-01,-5.802845030469753196e-01
1.130105759108292335e-01,9.452793719430453434e-01,-3.060645662458568173e-01
1.066435642207606838e-01,9.792166275561895450e-01,1.725165108845386486e-01
1.068076431338823434e-01,9.906957803202098845e-01,-8.434452100709158295e-02
1.071979696449656683e-01,9.897907868429670630e-01,-9.392972684287607954e-02
1.067326390593816288e-01,9.897974547066321627e-01,-9.438825358958706502e-02
1.064184946096616013e-01,9.889757718338987313e-01,-1.029661436131211194e-01
1.035798796286540174e-01,9.943999202044159214e-01,-2.097634938603260696e-02
9.928084025346897712e-02,9.818757916330401736e-01,1.614411489167368596e-01
9.083196811906334156e-02,9.282527594974043783e-01,3.606887412341441279e-01
8.381080590291363486e-02,9.959048377293433507e-01,-3.390137167128298712e-02
8.380356347634107528e-02,9.959054471923890484e-01,-3.390137167128298712e-02
7.636018764514293511e-02,9.967481047608651723e-01,2.573591650634885625e-02
6.260656593221348987e-02,9.221013334426613195e-01,-3.818501653337881274e-01
3.659915959555523624e-02,7.742883054913436425e-01,6.317737898142362640e-01
4.356870622100825902e-02,9.084279010060969384e-01,4.157649774955611832e-01
5.263757973645598331e-02,9.843860422946291155e-01,-1.679684641086087726e-01
3.108911581032269486e-02,7.948069210802402029e-01,6.060655287022032045e-01
2.878956622859541598e-02,7.749764805890747565e-01,6.313339967165880751e-01
3.537138975562222759e-02,9.336643530150451342e-01,-3.563982894119347433e-01
3.296345728150927579e-02,9.989322201802990353e-01,3.237020187932962423e-02
3.199640797230574735e-02,8.107558719038479023e-01,-5.845093207557097159e-01
2.299321651236474473e-02,9.377516554447317132e-01,3.465445782364522942e-01
2.089023563365151673e-02,9.914354831532159462e-01,1.289157895679187982e-01
1.205637650937568892e-03,5.837564856646713096e-01,8.119278982041983062e-01
1.520839983517638730e-02,9.694638704579973121e-01,-2.447621466874581320e-01
1.456581654263624159e-03,7.077529058324650846e-01,7.064585640047025272e-01
1.972406342285799212e-04,6.954495745706050780e-01,7.185748745438407248e-01
9.671918956444934155e-04,7.963974086969524135e-01,6.047728763433561916e-01
-2.468991629969562868e-04,9.985609211836995458e-01,-5.362859056105015454e-02
-1.651446835798787982e-02,9.185508808059635877e-01,3.949576581172234424e-01
-2.085547887763019095e-02,9.586699840315021648e-01,-2.837550188416483321e-01
-2.247376412437936816e-02,5.155080667115243820e-01,8.565899620480199594e-01
-2.304763076804636560e-02,4.105763308658552102e-01,9.115349051181264040e-01
-4.948579602437763736e-02,9.197985770001757544e-01,3.892579270102092814e-01
-3.723925995044496257e-02,4.754683263003433580e-01,8.789443146203821389e-01
-5.992560004142253455e-02,9.218893794108511397e-01,3.827909280392515212e-01
-5.835872705461179338e-02,8.684137179298807574e-01,4.923940225954888117e-01
-6.438375873732850307e-02,9.919219541619644920e-01,-1.092957842844964056e-01
-7.383410601419287955e-02,9.543878431866775758e-01,-2.892963352110886621e-01
-8.701174084448848323e-02,9.948820649742344813e-01,-5.136763327051935279e-02
-9.239216713758643951e-02,9.191567106733792292e-01,3.829028971889794630e-01
-7.072148887133510031e-02,6.484110823464583895e-01,7.579983768466236338e-01
-5.776736111059525142e-02,6.569274329405905277e-01,-7.517375072725879237e-01
-6.113799336613348623e-02,5.201491312399938449e-01,8.518843976957449771e-01
-9.406928862636149136e-02,9.466319673889266317e-01,-3.082837771513453062e-01
-1.031488682379496369e-01,9.743746712794063569e-01,-1.998857447402869747e-01
-6.322197015050302904e-02,6.027396089086151099e-01,-7.954294100314488469e-01
-1.185323303530759625e-01,9.929364649554487388e-01,5.221419619804178180e-03
-8.968958331364661196e-02,6.801134133252852987e-01,7.275998375893537595e-01
-3.654473919548343469e-02,2.047470067434135343e-01,9.781324783825280367e-01
-1.333279100434955344e-01,9.675605383118702774e-01,-2.145932736715607525e-01
-1.243702735069582704e-01,7.732644830294855831e-01,6.217668971189660443e-01
-1.186180196502824857e-01,7.978587319905684483e-01,-5.910593956622697265e-01
-1.571426696436006853e-01,9.463600592659515698e-01,2.823275041568336086e-01
-1.259313453383627823e-01,7.265757716026975954e-01,6.754472180572028694e-01
-1.504622934110860510e-01,9.319880845898196320e-01,-3.297867620813116907e-01
-1.563072177856012490e-01,9.368170664078711019e-01,-3.129566068244528654e-01
-1.386957738728457623e-01,8.334294064505388677e-01,-5.349382270630084202e-01
-1.653747905508837768e-01,9.554707360331760047e-01,-2.443907756738630532e-01
-1.752045721625585251e-01,9.694173573200676186e-01,1.718526846456325807e-01
-1.332372416187272979e-01,7.003909383186925908e-01,7.012134988481711906e-01
-1.796538008325125890e-01,9.707434180213025954e-01,-1.593164405036421594e-01
-1.724817127767790392e-01,8.887561806061418102e-01,4.246910761859398198e-01
-1.856978219384975148e-01,9.555921846325865499e-01,2.288228476276326084e-01
-1.913794495757223380e-01,9.558070137440628500e-01,2.231745029293228377e-01
-1.874540532333221488e-01,9.392177877421449272e-01,-2.876298404462758196e-01
-2.030371367003296068e-01,9.691373976604132912e-01,1.398163995264269654e-01
-2.071304293611429814e-01,9.774075503704403589e-01,4.208878367835821449e-02
-2.037437190506133922e-01,9.664500728078223579e-01,-1.564057342848390875e-01
-1.638265632548257245e-01,7.274737880645433252e-01,6.662902857247257060e-01
-5.838395659715782393e-02,2.176386385660832590e-01,9.742816515849833658e-01
-1.295074251138810528e-01,5.073840837387687541e-01,8.519326372483581045e-01
-2.290995804716145778e-01,9.507952461463768934e-01,-2.085708084396778461e-01
-2.134666799615692334e-01,8.869077207677211749e-01,-4.096665368184115863e-01
-2.351429277878153701e-01,9.411821007342100476e-01,-2.426603732975649574e-01
-2.213550953194048376e-01,8.463879574953052654e-01,-4.843855356872895368e-01
-2.656556903998051333e-01,9.588982388293079140e-01,-9.970567550673507806e-02
-2.350537771914460450e-01,8.516395830841274606e-01,-4.684653053880593054e-01
-2.691071467581434007e-01,9.441867505707051134e-01,1.899808506413846743e-01
-2.584886320349741862e-01,8.998514180668606421e-01,3.513560196036887295e-01
-1.994454217729714762e-01,6.960646374817412996e-01,-6.897213525629125597e-01
-1.995093706919072452e-01,6.960010885296663563e-01,-6.897669865770894582e-01
-2.633594566869981168e-01,8.561740630753097436e-01,-4.445309553795376845e-01
-2.379517129314959456e-01,7.361086488579359211e-01,6.336584564175805623e-01
-2.638678048489914718e-01,8.225918134348031430e-01,5.037027794584981732e-01
-3.008313111476659807e-01,9.508109004083490357e-01,-7.388608730905238398e-02
-1.962604142456620404e-01,5.917904874350592426e-01,7.818349370432969847e-01
-1.643873883207165598e-01,4.779914643326585444e-01,8.628446827710156697e-01
-3.022707262245203363e-01,9.116909589933962499e-01,2.783020002756046996e-01
-2.875563551047875532e-01,8.356967863362538829e-01,4.678912522649969485e-01
-5.110776803274427738e-02,1.217689231754064266e-01,9.912418097494744007e-01
-3.013045837519840453e-01,8.675033087579175906e-01,-3.957948421898758729e-01
-2.899024615819316142e-01,8.350274588121041619e-01,-4.676384349030095477e-01
-3.176241733168525538e-01,8.712062066759735934e-01,3.743188880808004382e-01
-3.016483808292814706e-01,8.418539076279657474e-01,-4.475379900685498846e-01
-2.807082720437565904e-01,7.503558396727540991e-01,5.984722047641014564e-01
-3.279458059227831068e-01,8.777535427684944880e-01,3.492853654750123771e-01
-2.722419476540934857e-01,7.079062939808022925e-01,6.517307733104764633e-01
-3.232239858701465574e-01,8.234304814991068033e-01,4.663566200842059195e-01
-3.150498049190649796e-01,8.262777311436312333e-01,-4.669140514447943646e-01
-3.602990724739906225e-01,9.188044435159110623e-01,1.611923476775461439e-01
-1.417665966994313409e-01,3.385788559760721239e-01,9.301970707039423081e-01
-3.070705041667711188e-01,7.923927834746591348e-01,-5.270876418282323117e-01
-3.707230792953085108e-01,9.156923919112306409e-01,1.551510292382664580e-01
-3.374811238183509365e-01,8.166489865139089366e-01,4.681783035255993597e-01
-3.735097311426926470e-01,9.039999287820532636e-01,2.080255020514461539e-01
-3.727435462587664894e-01,8.801924449289438845e-01,2.938086258305684373e-01
-3.306005812220478290e-01,7.912148894716838354e-01,-5.144727926469537804e-01
-3.406058974792660621e-01,7.777653134678726987e-01,5.282695711174034692e-01
-3.406069248661215410e-01,7.777676594808620170e-01,5.282654546711397225e-01
-3.852249933181441377e-01,8.880930523677431632e-01,-2.507836415302654443e-01
-3.624616250650351534e-01,8.148515722826271679e-01,4.523698547690202520e-01
-4.006959013770403644e-01,8.644432319836381495e-01,3.036127357297830898e-01
-4.181101372777645819e-01,9.038200567192322676e-01,9.106710809953721952e-02
-4.091848819243983360e-01,8.736484955912832140e-01,-2.632604006598862623e-01
-4.175452210704983513e-01,8.748777511460160694e-01,2.454483833943058857e-01
-4.216153492114796397e-01,8.914643051991012479e-01,-1.659273632200726489e-01
-3.814735932701471266e-01,7.881357987139051557e-01,4.830319455513860105e-01
-3.951325288388329304e-01,8.091110530537206635e-01,4.349822852481787794e-01
-4.008181012336051730e-01,8.177500313036396573e-01,4.130735237538034066e-01
-3.915108461601025658e-01,7.911622968511220488e-01,4.698738951891854310e-01
-3.839846219316430109e-01,7.913122843500449699e-01,-4.757947863908627562e-01
-4.235718515326518663e-01,8.484100310290610958e-01,3.174701652730044787e-01
-3.773379281911194427e-01,7.445384291370654717e-01,5.507073773670955186e-01
-4.164851602240418615e-01,8.061051849689109261e-01,-4.203980757322659523e-01
-1.387100028300307097e-01,2.397813824791945048e-01,9.608664963101061218e-01
-4.496801232884949928e-01,8.041271679216336343e-01,-3.888023720729809618e-01
-4.979695600236089814e-01,8.648163717396175620e-01,-6.417912792346835982e-02
-4.560425515846395772e-01,7.971418110724537431e-01,-3.957147004905174348e-01
-2.435397570651104959e-01,4.314134961208836438e-01,-8.686603375850788789e-01
-5.044602243106017792e-01,8.630928849578018980e-01,-2.430131732470417263e-02
-5.081122701265765595e-01,8.603271394314513376e-01,4.073246990440156090e-02
-4.540226899256830650e-01,7.592304646245482402e-01,4.662965779615371176e-01
-4.343811756263971091e-01,7.210062691695645620e-01,-5.398730907163408199e-01
-4.919542582832011623e-01,7.891034698736545394e-01,3.678270267264000526e-01
-4.814132910024693790e-01,7.738492248458403999e-01,-4.115806366335322819e-01
-5.313915693431694454e-01,8.455254352405311424e-01,-5.205514760630173404e-02
-5.282353726785218306e-01,8.190982247950657769e-01,-2.237084915436942101e-01
-5.287778813192954841e-01,8.039677101146506244e-01,-2.720843128893730700e-01
-5.495216470600217118e-01,8.103827256334307227e-01,2.032382774168600414e-01
-5.538597709690152859e-01,8.171639221842115219e-01,1.596323224872262803e-01
-4.255569205800443511e-01,5.920343088803095011e-01,6.843951230503065863e-01
-4.848799457552102066e-01,6.836602301617141775e-01,-5.454357229771958915e-01
-5.401926511690583466e-01,7.363142628121380762e-01,-4.074717241752630614e-01
-5.828749781600699453e-01,7.824735644066259654e-01,2.190704928548978248e-01
-2.981983279629267791e-01,3.876906170124604367e-01,8.722234476787541491e-01
-5.791736581759207025e-01,7.366044846471729857e-01,3.492444800892268164e-01
-2.787786445695503157e-01,3.316080877464863130e-01,9.012871592744916560e-01
-6.375366551805056181e-01,7.682121128589999293e-01,5.828518643672944699e-02
-4.502235715585663489e-01,5.317393008539179622e-01,7.173228363438843846e-01
-6.008365008131372198e-01,7.245361890511384795e-01,-3.377022505786390627e-01
-6.276925342339775282e-01,7.478891363832129713e-01,-2.160183375246158555e-01
-5.582674920703399879e-01,6.670394391456391237e-01,-4.933515926008187891e-01
-6.235778547501373836e-01,7.319139143216338850e-01,-2.746865142077426492e-01
-6.497696337671955424e-01,7.496297637639182110e-01,-1.259152108098808287e-01
-6.255421176784701220e-01,7.152748726603805896e-01,3.115748955724952918e-01
-5.827590387102928871e-01,6.548410345585695680e-01,4.812225288364186393e-01
-5.828742228886872878e-01,6.547978531769191868e-01,4.811417792780072200e-01
-6.609845605011983594e-01,7.420248940086100475e-01,1.117965448953978230e-01
-6.453731044981533271e-01,7.270609502023194226e-01,-2.342561219719049570e-01
-4.927200539693634695e-01,5.286241488113472276e-01,6.912188204251286106e-01
-5.996210364037375395e-01,6.513315619067050477e-01,-4.649965689833417404e-01
-6.020528995328727762e-01,6.429365229481454058e-01,4.734605935274969202e-01
-5.932886379781492359e-01,6.238587602247014363e-01,5.087325813597269875e-01
-6.128201804367714445e-01,6.364715357131495166e-01,4.683539373981902565e-01
-6.616234020928823956e-01,6.888406667339972422e-01,2.962313448244499603e-01
-6.890253178326853911e-01,7.172967261504831216e-01,1.035833868888523662e-01
-4.711251858326019892e-01,4.743981939717283325e-01,7.436312344371763805e-01
-2.720900883727654374e-01,2.661132787125324861e-01,9.247435897059068655e-01
-6.695742650088344350e-01,6.743828632913880794e-01,3.112524013349744489e-01
-5.287431446981151195e-01,5.257983017888901989e-01,6.663083616244562801e-01
-2.877095649617145146e-01,2.673718228224839510e-01,9.196387957182554640e-01
-5.693053556554279471e-01,5.377539303897680423e-01,6.218618193557176044e-01
-7.224316254485902977e-01,6.857217885331815532e-01,8.875908563387985284e-02
-6.582564666822978694e-01,6.135745967386566635e-01,-4.361474960468439965e-01
-5.310907500214976373e-01,4.952645781201641118e-01,-6.874995366551593934e-01
-7.520486809470939837e-01,6.497525116496235542e-01,-1.106546659239548286e-01
-6.345652375124567479e-01,5.275047668829794256e-01,5.648589914806108059e-01
-7.487516956933332191e-01,6.295402492368824543e-01,-2.074848736344942768e-01
-7.567501484257923572e-01,6.322739475905561068e-01,-1.660086384975064666e-01
-6.924688484337502281e-01,5.734031187600727719e-01,-4.378307405208751169e-01
-6.990183361615602831e-01,5.627536949083637996e-01,4.412274295382234701e-01
-6.788801765214698136e-01,5.536564992560014664e-01,-4.822719012733037158e-01
-7.779307514258946288e-01,6.100487120188222701e-01,-1.505467201572947278e-01
-7.271199317110228488e-01,5.716391843994415023e-01,-3.801647639743835905e-01
-3.612415336935328458e-01,2.733824422174608859e-01,8.914968281614695789e-01
-2.776020512550889108e-01,2.045132346279853741e-01,9.386753634782184497e-01
-7.346442137034626674e-01,5.550026181286408233e-01,3.902178534387875652e-01
-4.966181187652429219e-01,3.713263433924087753e-01,7.845299170948766276e-01
-7.830127984692835108e-01,5.903371317174551658e-01,1.959413900861912694e-01
-7.479599005883605933e-01,5.574698223881416892e-01,-3.602546102944187978e-01
-8.063401318310534638e-01,5.793519239718490921e-01,1.190249553194462351e-01
-8.125843102208537561e-01,5.771801687600198738e-01,8.105425080188148612e-02
-8.186303062395483554e-01,5.739744437360041474e-01,-1.994391245688326500e-02
-8.097985725094251075e-01,5.609925329610392364e-01,1.717953722416724061e-01
-7.627964679742937903e-01,5.055942616745769946e-01,4.031327213309303104e-01
-8.210105898237463062e-01,5.354227909724342815e-01,1.981515740652926572e-01
-4.350814275862047720e-01,2.745424792383340806e-01,8.575141855755034070e-01
-8.185679636796632241e-01,5.140924700219431376e-01,-2.562331381848706457e-01
-7.637575504577767127e-01,4.737189284161190117e-01,4.384800804814519837e-01
-7.672077114997732927e-01,4.692020492632301143e-01,-4.373119760336617867e-01
-8.080108168571735749e-01,4.909403137447247434e-01,-3.257240061494307559e-01
-8.579646103198750318e-01,4.942818307456917637e-01,1.399364113922907937e-01
-8.645016078766012413e-01,4.578668864695697449e-01,2.073520780060652269e-01
-8.676260262605658413e-01,4.488304516885920914e-01,-2.139539768088319360e-01
-6.648501873271362994e-01,3.288180653652749141e-01,-6.707107486096443028e-01
-8.251710208012114078e-01,4.000661967609258074e-01,3.987979747179453138e-01
-8.259724174066563895e-01,3.997798646179349658e-01,3.974237354882945716e-01
-8.524549327716056668e-01,3.976345732613315587e-01,3.394220584178875844e-01
-8.524695727178059901e-01,3.976187578002166600e-01,3.394038170612315164e-01
-6.819708045629629956e-01,3.096128508539804924e-01,6.626127861049888601e-01
-8.779007803615657135e-01,3.813122632084992025e-01,-2.896397378941058531e-01
-7.378094664415187909e-01,3.136248911375534854e-01,5.977262072958146044e-01
-7.872210321906760733e-01,3.375999009289537001e-01,-5.160516964117134453e-01
-2.300349838831108329e-01,8.934980792177366071e-02,9.690719880453871893e-01
-8.994141340677678231e-01,3.624894161851343610e-01,2.442450380107810126e-01
-8.516747164244835577e-01,3.354192030660086421e-01,-4.026712500512535930e-01
-9.248381694729350677e-01,3.605793347652545555e-01,1.210656996270915164e-01
-8.304464502374708790e-01,3.136822446053017521e-01,-4.603934651006282297e-01
-7.954793008716777303e-01,2.945724393235815697e-01,5.295656332086341456e-01
-6.232937381970897750e-01,2.352071549062967615e-01,-7.457764478750874559e-01
-8.971815684866945029e-01,3.328421213315607696e-01,-2.903125133976510175e-01
-1.842400825430171307e-01,7.121396477039833306e-02,-9.802979971448593233e-01
-3.876307932805617140e-01,1.373751350650000702e-01,9.115209489455278202e-01
-3.371952192004707416e-01,1.176410547357678305e-01,9.340556548669906034e-01
-6.175832105927101523e-01,2.043358063103584976e-01,-7.594984241283821991e-01
-9.154042964916866421e-01,2.902734482067569899e-01,-2.788840246961443725e-01
-5.553246488520886537e-01,1.656154301158568876e-01,8.149761123400146579e-01
-7.921710927238194699e-01,2.372420621655378647e-01,5.622998877753692115e-01
-9.556957723121310977e-01,2.739285344329167038e-01,1.077439038096983798e-01
-7.801120525864753130e-01,2.106851554759842649e-01,5.890984218883773549e-01
-9.168387827182621352e-01,2.466311945322190724e-01,-3.139740441299341822e-01
-9.646294982961599596e-01,2.559470809860135976e-01,6.309534651333345567e-02
-5.359150995023588271e-01,1.389921440572375322e-01,8.327521780312250321e-01
-9.670497655739476173e-01,2.508690275439817707e-01,-4.335299208255284642e-02
-4.591115674024833782e-01,1.150475891112611865e-01,8.808976222677192824e-01
-5.024988718793588216e-01,1.146492488607357141e-01,-8.569424913584579029e-01
-9.178148758798541085e-01,1.862797873020530237e-01,3.505933462807729328e-01
-9.023360896524178498e-01,1.786537185684480833e-01,3.922657646958875310e-01
-9.820806715001634268e-01,1.851666675160522357e-01,3.508361308057948019e-02
-8.382238554849588130e-01,1.546684506876049581e-01,5.229325371955992896e-01
-8.382249802435079999e-01,1.546623549476205672e-01,5.229325371955992896e-01
-8.240625544604129882e-01,1.509526520845985709e-01,5.460166693103838398e-01
-9.517427786361305486e-01,1.706382682900429992e-01,-2.550848186563688946e-01
-7.160576398537175091e-01,1.171733857307594162e-01,6.881365083204890043e-01
-9.710072734772000613e-01,1.541181930884196472e-01,1.827360320613715672e-01
-9.889995266017410636e-01,1.392735319296673491e-01,4.982790067189183519e-02
-9.902610679960016649e-01,1.289859409288716674e-01,-5.239889554286162460e-02
-9.409642216199004539e-01,1.218620156554902079e-01,3.158100422273425467e-01
-3.502227155855223706e-01,4.392777368703426610e-02,9.356358266904933885e-01
-5.045545053405587899e-01,6.246927907108246192e-02,-8.611169144273519427e-01
-8.504029409821765029e-01,1.010218250548799018e-01,-5.163423562244783271e-01
-8.434742166904090066e-01,9.982553250154534152e-02,-5.278125698003827138e-01
-3.511761061306863940e-01,3.683780060105715237e-02,9.355844798465640100e-01
-9.948430449594628522e-01,1.004019820761547360e-01,-1.437907823761977455e-02
-9.855704288532142199e-01,9.290351425930455653e-02,1.414915785775349155e-01
-8.407165846338349180e-01,6.715019796084578663e-02,-5.372955194633947107e-01
-4.607183294172984556e-01,3.318635189713647904e-02,-8.869257505488794546e-01
-9.470497223526894714e-01,6.305516028479964119e-02,-3.148346711420966781e-01
-9.916232104706791395e-01,6.125831071898583252e-02,1.137137978597121818e-01
-6.707418628157189033e-01,4.087745114496291188e-02,7.405635607119691599e-01
-7.590844174393756028e-01,4.470461732000854255e-02,-6.494554214039601758e-01
-9.370899038582855001e-01,4.917230190562976722e-02,3.456075763234521814e-01
-8.919058092848434205e-01,4.381002092758055910e-02,-4.500941117480583009e-01
-9.667300377069828476e-01,4.618170351977077953e-02,2.515954778112426404e-01
-9.987020057024832420e-01,4.057031695785224407e-02,3.079534360543000754e-02
-5.918728610028256565e-01,1.593807650826386049e-02,8.058737457725909659e-01
-9.881512330292446800e-01,-2.246023717265549155e-02,1.518310851207071432e-01
-9.221772177378638746e-01,-4.076706735362028988e-02,-3.846130851968480036e-01
-3.379988972423015881e-01,-2.236345400633550293e-02,9.408807689542254549e-01
-7.567090033496528534e-01,-5.333453315232770942e-02,6.515726450849500528e-01
-9.116111561954166609e-01,-6.511188241562641810e-02,4.058639460069708438e-01
-8.359150307085557730e-01,-6.029186731431693952e-02,5.455373059390780099e-01
-3.741383648828788266e-01,-2.873637729571097005e-02,-9.269275616479878410e-01
-9.943962518557382113e-01,-8.852883382747696317e-02,5.778182998492040895e-02
-9.680519134323607444e-01,-8.864621327614369273e-02,-2.345577578587962342e-01
-6.182517363011538203e-01,-6.504906254199402382e-02,7.832837353239351375e-01
-7.720052444579802442e-01,-8.744140361656965732e-02,6.295727944113678198e-01
-8.829790901291626470e-01,-1.021706736163698337e-01,4.581583567364597154e-01
-8.746621823015910957e-01,-1.032844553024038770e-01,4.736015077512992777e-01
-9.506139640611912522e-01,-1.245810834696898378e-01,-2.842756496314560732e-01
-3.520283750188941685e-01,-4.651992038980226618e-02,9.348325626487790085e-01
-8.273126393294472081e-01,-1.223451870875839897e-01,5.482567391307179294e-01
-7.424812785598310372e-01,-1.101091024129408485e-01,6.607552773561291559e-01
-9.074665689631393750e-01,-1.371874139169230178e-01,-3.970944971628977971e-01
-3.418086431154822025e-01,-5.029612907781087772e-02,9.384226930820359636e-01
-9.378759499728207549e-01,-1.448975588775056611e-01,3.152671881022807154e-01
-9.854988658929841883e-01,-1.665667104685940036e-01,3.236535628281538013e-02
-9.785987004098527509e-01,-1.659568227622952863e-01,1.216672368996336850e-01
-9.757942701038216926e-01,-1.687535654715562605e-01,-1.390962852602001809e-01
-9.832094823609496270e-01,-1.807187949735710175e-01,-2.529487969558097751e-02
-9.832094823609496270e-01,-1.807187949735710175e-01,-2.529487969558097751e-02
-6.880925300386817600e-01,-1.372759110436191088e-01,7.125194694547722918e-01
-3.856377570275032474e-01,-8.121975923279313447e-02,9.190684800736903526e-01
-8.642199198995339504e-01,-1.983230755921032151e-01,4.623763485912011362e-01
-9.069506260429078814e-01,-2.147980006378961970e-01,3.623567038738757518e-01
-9.585692342521719977e-01,-2.316957046888295790e-01,-1.657169984459988255e-01
-5.442927591835712287e-01,-1.307443002828835299e-01,8.286442664037892980e-01
-9.690068766250826693e-01,-2.398199148607838282e-01,5.926281709021542776e-02
-7.612492240527027887e-01,-1.899007134899569071e-01,6.200301104746148706e-01
-8.295536065276146731e-01,-2.233454214456360443e-01,5.118179721505475843e-01
-3.836949894063596544e-01,-1.026642349867291498e-01,9.177353703323432033e-01
-9.458541208386186394e-01,-2.630939215043249790e-01,1.901093647353541416e-01
-6.749138114905555152e-01,-1.995075624022908112e-01,7.104140198529212968e-01
-8.846564449399286767e-01,-2.636294712953225483e-01,3.845549067308797198e-01
-8.482127193206103755e-01,-2.560030224904675800e-01,4.636783748014138840e-01
-9.396816604509727888e-01,-2.868262956836012956e-01,-1.863573264364079829e-01
-8.782642806279160608e-01,-2.729394146835156243e-01,-3.926269594479584457e-01
-8.408322869792989041e-01,-2.726892843476757533e-01,4.675912952302622161e-01
-7.251293537932261835e-01,-2.416284780427105094e-01,6.448279606733734459e-01
-8.888444968825391923e-01,-3.059669441098721299e-01,-3.410860440910654101e-01
-8.050565437897978516e-01,-2.806851833165109333e-01,-5.225895034994502142e-01
-9.389206766335328469e-01,-3.306691896656890339e-01,9.531972511429781525e-02
-8.653575091454461798e-01,-3.103612326464834092e-01,-3.934873398671734357e-01
-5.365439818464228239e-01,-2.057585070094239688e-01,8.184033188701267392e-01
-5.365786721575621643e-01,-2.058120950742730049e-01,8.183670998438083988e-01
-9.140794233240859823e-01,-3.563540439283500727e-01,-1.935732502992552062e-01
-8.922404422378142907e-01,-3.580152620886349890e-01,-2.751945954172710929e-01
-9.150827814951938421e-01,-3.882646784673224882e-01,-1.089680800312008563e-01
-9.044231728585849783e-01,-3.884228364597385741e-01,-1.764834964323329924e-01
-5.764952849027672466e-01,-2.618637956111755649e-01,7.740029321862971212e-01
-8.929094579454972536e-01,-4.240482446118018500e-01,-1.513135359217005760e-01
-5.231636888623751869e-01,-2.460102280112621276e-01,8.159526471369270562e-01
-8.988648290083358638e-01,-4.338590925320713887e-01,6.171148190622626623e-02
-5.814595920549570085e-01,-2.947999069431870289e-01,7.582860658574515078e-01
-7.323596428313194906e-01,-3.789910134511507156e-01,-5.656988291266403790e-01
-8.431988568932294870e-01,-4.383416093355503307e-01,-3.112431866869873054e-01
-6.856369746247826802e-01,-3.529496209676464269e-01,6.366541479376145451e-01
-8.545194890082250527e-01,-4.423575833398365464e-01,2.722429271199925394e-01
-7.276434306331402979e-01,-3.834535290453133793e-01,5.687692229007554889e-01
-7.284988709050204125e-01,-3.865006859396619698e-01,5.656028773426468037e-01
-3.775054244530002268e-01,-1.995239647049276421e-01,9.042565133948369249e-01
-8.770502550109919859e-01,-4.796820026555839167e-01,-2.623025950085643848e-02
-8.325422377805270502e-01,-4.552607382237986999e-01,3.156122344639291089e-01
-7.747819224846989039e-01,-4.319911444707155157e-01,4.616238985254071947e-01
-7.610832011448266377e-01,-4.680918173024776752e-01,-4.490461128988951223e-01
-6.852921475076025892e-01,-4.227632895672853719e-01,-5.929973638715991813e-01
-6.116460362710676169e-01,-3.819391504427764872e-01,6.928287029799948815e-01
-5.508013300559339021e-01,-3.451431609429705394e-01,7.599303213209147589e-01
-8.075842029201047989e-01,-5.186672039814077539e-01,-2.806992816307297689e-01
-7.438942911446420059e-01,-4.866362726788563409e-01,-4.580463095753969371e-01
-8.231213838080713163e-01,-5.391315290010483263e-01,-1.783490452872610321e-01
-1.824405308168924600e-01,-1.149426746226515084e-01,9.764751068336774420e-01
-2.945782143839238976e-01,-1.914231793419058358e-01,9.362589609830260784e-01
-8.244587773651679274e-01,-5.561829813396206301e-01,-1.045381064191603093e-01
-7.837855552168722095e-01,-5.269882140691904970e-01,3.285781880550570078e-01
-7.991079735776328574e-01,-5.549292424262538548e-01,-2.312573944004239490e-01
-8.196562827047170208e-01,-5.714900439233715490e-01,-3.953110065692302250e-02
-7.179891479331121928e-01,-5.173381511471428773e-01,-4.656745868285485090e-01
-8.107330024180646744e-01,-5.850148994939388114e-01,2.166947531176324077e-02
-4.978360296738993940e-01,-3.656857721687630236e-01,7.864052413303613820e-01
-6.802629034236988836e-01,-5.306674954932594224e-01,5.056029978673690639e-01
-1.976224511064136879e-01,-1.482780288512168809e-01,9.689989643847359835e-01
-6.181760218075118551e-01,-4.833123921363879916e-01,6.198931663356525013e-01
-3.738588036786320568e-01,-3.125898607422469277e-01,-8.732222935044230416e-01
-3.738510094246628723e-01,-3.125925826600268742e-01,-8.732246560983575323e-01
-7.536943664669671916e-01,-6.417088578978225044e-01,1.419666990932354489e-01
-6.767270256540099949e-01,-5.852868642909203611e-01,4.466316370768852462e-01
-7.184588485924814361e-01,-6.314129895731266373e-01,2.917782025400329493e-01
-6.694859340107834900e-01,-5.870545055503992860e-01,4.551434847107944104e-01
-6.504658033626783409e-01,-5.975493114031021902e-01,-4.688593169570418051e-01
-7.060749440964982915e-01,-6.519941754951041890e-01,-2.763363321019985386e-01
-7.336820381915514222e-01,-6.783076531327267844e-01,-4.011725983493032166e-02
-5.855446583127468241e-01,-5.388761720707274661e-01,6.055988146420105966e-01
-6.928047506353044449e-01,-6.426025453383267250e-01,3.272362238839967574e-01
-6.583986250991373801e-01,-6.266285625923042613e-01,-4.169507105295158778e-01
-2.007279360031796467e-01,-1.850724123856235526e-01,9.620064957585624521e-01
-6.655219728502159704e-01,-6.509692131465300013e-01,-3.651295485015475517e-01
-7.146069907574958968e-01,-6.995200514369687150e-01,-2.923422332952623545e-03
-2.913917144895347699e-01,-2.853103403377879044e-01,9.130656484739665402e-01
-7.014826714265571805e-01,-7.126822880638715718e-01,-2.453154765906317026e-03
-6.348922595973872651e-01,-6.466822311477562479e-01,4.227456807834751307e-01
-6.976379255727314099e-01,-7.155204735158354756e-01,3.649351698933229332e-02
-5.339705326008453712e-01,-5.431194859783373685e-01,6.479943628339649431e-01
-6.279233364114940041e-01,-6.506312225966177643e-01,-4.270729396394580824e-01
-6.179876118507058314e-01,-6.424365683578676656e-01,4.531738818992422924e-01
-6.589247695497425505e-01,-6.981752903397590027e-01,-2.799453733013137491e-01
-3.986666623485440319e-01,-4.211301204554719901e-01,8.146866354476619554e-01
-4.104766967340991446e-01,-4.570221970121505772e-01,-7.890751503351562945e-01
-6.325474598895283185e-01,-7.029570585257420845e-01,3.251693172120365682e-01
-6.562759638696020748e-01,-7.495919978555612984e-01,8.610282224139383100e-02
-5.496118767416425799e-01,-6.294957393436908522e-01,5.492375616185308784e-01
-6.440043589567113758e-01,-7.474478166280893454e-01,-1.630341898580092985e-01
-5.620755892730306957e-01,-6.571280019531422489e-01,-5.022487640526817065e-01
-5.134117508724646006e-01,-6.217488947971855362e-01,-5.914699365855788926e-01
-6.392773530821306283e-01,-7.688749084654172838e-01,1.248362802238264270e-02
-2.035196889476283133e-01,-2.364012638535191446e-01,9.501021937976563692e-01
-1.996438018643231782e-01,-2.394676268294076982e-01,9.501566229195324009e-01
-2.844235580681958586e-01,-3.470031416049896289e-01,8.936957308458484128e-01
-6.007734906222371718e-01,-7.538569013275921993e-01,2.660281663402085384e-01
-3.228144902180593023e-01,-4.019669476699725963e-01,8.568625198280876987e-01
-4.581602294719276380e-01,-6.021294966441004259e-01,6.538572270774047901e-01
-5.230420240824525946e-01,-7.108754167162403270e-01,-4.701948350973697566e-01
-5.850534906110598232e-01,-7.919424485469657160e-01,-1.747557475828794837e-01
-5.699264807940432886e-01,-7.810392053178952798e-01,-2.552676365035481676e-01
-5.291699680165194986e-01,-7.196424515838405478e-01,4.495485366762919099e-01
-5.151360558850622828e-01,-7.157337666287958422e-01,-4.715506539434956013e-01
-4.587851227442192870e-01,-6.271374101945547119e-01,6.294560190220110929e-01
-5.238049440841658910e-01,-7.500311985404460868e-01,-4.038336065373533401e-01
-1.322460799085251049e-01,-1.745675897244854669e-01,9.757239009917773043e-01
-5.335056703689331492e-01,-7.758687087980794539e-01,-3.367483428202673879e-01
-5.547151696521428477e-01,-8.244796824438780369e-01,1.119121700041428441e-01
-5.457972201381171562e-01,-8.280855845508775515e-01,1.279830424256865329e-01
-5.149887543043100147e-01,-7.986468630384054856e-01,3.113675819654470045e-01
-4.783355062039156280e-01,-7.406217303455358003e-01,4.718840917477809538e-01
-5.358318963110678679e-01,-8.434544364250314841e-01,3.832482968804149653e-02
-4.839784591963858240e-01,-7.567396510196287007e-01,4.394427739860821691e-01
-4.973327829435278402e-01,-7.902480160495169992e-01,3.580058325494824834e-01
-4.328755786939358363e-01,-6.876054345593934913e-01,5.829386757925553164e-01
-5.010070106336705908e-01,-8.161695859734207081e-01,-2.878527092592463865e-01
-4.879977847767955068e-01,-8.008562554691597279e-01,3.471129789115589004e-01
-3.795518116548542986e-01,-6.232214158148092764e-01,6.837656682952886200e-01
-4.942825068306963554e-01,-8.263222117881140472e-01,2.699563034025352914e-01
-4.540902505618095164e-01,-7.677354815292863899e-01,4.520887907764444824e-01
-4.715539481393592469e-01,-8.270434724378366020e-01,3.059999488433743364e-01
-4.384956825161676619e-01,-7.857491645421882387e-01,-4.362565607941428225e-01
-4.509648292379455081e-01,-8.257272737171172938e-01,-3.388291490265964434e-01
-2.570332182419556855e-01,-4.537886407388405652e-01,8.532348998116395800e-01
-4.408145529928924611e-01,-8.238843721591857516e-01,-3.562261517372647401e-01
-4.485264351555763862e-01,-8.442811797160622023e-01,2.932802866608749115e-01
-4.615151136689599753e-01,-8.850688420488581620e-01,-6.047267721393269346e-02
-3.987291324692651684e-01,-7.744571471562317067e-01,-4.911529355902680694e-01
-3.744196884589895968e-01,-7.114413113862310123e-01,5.946941712740365649e-01
-4.473746881506558970e-01,-8.900537338192792136e-01,8.752279312535131417e-02
-4.372882251313531810e-01,-8.756129011427979947e-01,-2.051366752040299779e-01
-4.439256657473699685e-01,-8.937438467101255224e-01,-6.443554732088431491e-02
-2.711791528057187484e-01,-5.804871755875814499e-01,-7.677867581965222010e-01
-4.278050818211014406e-01,-9.001612384373685050e-01,-8.180804839955302388e-02
-3.832724655768295352e-01,-8.279274917392536182e-01,-4.094365464305868563e-01
-3.920381376488626390e-01,-8.594540296924302325e-01,3.280927757117715893e-01
-3.555342624496989901e-01,-7.810215547779384426e-01,5.134206065173078093e-01
-3.817292890406446260e-01,-8.584194428787927933e-01,-3.426350974085799472e-01
-3.434297899336403170e-01,-7.567064255427177200e-01,5.562835292622809735e-01
-3.433829662398608096e-01,-7.577450839544658256e-01,5.548968609022348897e-01
-3.780435109352267564e-01,-8.673181802737189861e-01,3.237935731395109040e-01
-1.481395691410482274e-01,-3.243560073285514656e-01,9.342632651263695909e-01
-3.883950698867052465e-01,-9.119574626677953155e-01,-1.322227513411289579e-01
-1.940054085012476726e-01,-4.357006447062329313e-01,8.789350656759786773e-01
-3.448197822591295147e-01,-8.264106687699573905e-01,-4.451345013655516047e-01
-3.884277784615217111e-01,-9.214060763473131965e-01,1.160617894469225322e-02
-2.889892219612326674e-01,-6.861508593861501693e-01,6.675943586893833270e-01
-3.623079869194414937e-01,-8.871262161078294906e-01,-2.859020799305007077e-01
-3.552551686359650684e-01,-8.599958895374612000e-01,3.663343215371758776e-01
-3.647019853385179422e-01,-9.095747931213459259e-01,1.991636452980416472e-01
-2.913903227151766195e-01,-7.628261303919622316e-01,-5.772243711237167174e-01
-3.476472385143444255e-01,-9.195161071047683876e-01,-1.833890027461920758e-01
-3.196009432996808064e-01,-8.972133583399092283e-01,-3.047350105556889677e-01
-1.957394203080795314e-01,-5.235752895813816643e-01,8.291893604462308165e-01
-2.280765059372951431e-01,-6.161439927649295933e-01,7.538883787531980296e-01
-2.868004471442247016e-01,-8.019580234778924677e-01,5.240313274006667132e-01
-2.568303115952290105e-01,-7.343850936969121834e-01,6.282648527505538816e-01
-1.451459691546784503e-01,-4.038125101289177232e-01,9.032541748043746432e-01
-3.078865999891312044e-01,-9.119040417659728393e-01,2.713611249940113268e-01
-3.144401336890831899e-01,-9.374736333083285578e-01,1.492333380222833905e-01
-2.666439440014121698e-01,-8.688300544632236999e-01,4.171754350256058341e-01
-2.799028524056503264e-01,-9.540244843426872734e-01,-1.071992373566635209e-01
-2.640008522770966315e-01,-9.112192199072494114e-01,3.162010171846234563e-01
-2.650445948635285487e-01,-9.503769922936796677e-01,1.628954733945887356e-01
-2.536583732653888701e-01,-9.644874685190888419e-01,-7.362983594981130364e-02
-2.382123468146134793e-01,-9.401983967055891345e-01,2.434786492843140082e-01
-1.988758449142815354e-01,-7.903468857565779659e-01,5.794826990381243270e-01
-2.151318912166882424e-01,-9.013135834447205674e-01,3.759682083362470006e-01
-2.067877122199508200e-01,-9.401006724897855715e-01,-2.710158070280986875e-01
-1.653351107921706975e-01,-7.389851654505069645e-01,6.531196110846984038e-01
-1.730971511197874346e-01,-8.772173924243313881e-01,-4.478024371332407494e-01
-1.731120112667015876e-01,-8.772255241298150263e-01,-4.477807626175656641e-01
-1.904269418657150714e-01,-9.497224020053676163e-01,2.485255297566559274e-01
-1.769196385194077292e-01,-8.900778120090493406e-01,4.200725295414418636e-01
-1.881827718027672125e-01,-9.821032778767746496e-01,-7.771485078316385346e-03
-1.560363446307581892e-01,-7.852833253886420950e-01,5.991516986714027215e-01
-1.660615153282191669e-01,-8.962423743484959626e-01,-4.113066733582935730e-01
-1.763702288332070489e-01,-9.661089766643327081e-01,1.884860408357021955e-01
-1.638085024320132532e-01,-9.365294627102558334e-01,3.099666756388829714e-01
-1.403711527974336182e-01,-8.705279896244771942e-01,-4.716746322865855157e-01
-8.536566977192661110e-02,-5.594997805374414268e-01,-8.244226452511753678e-01
-1.452066699974457475e-01,-9.867635907766068026e-01,7.219860736821738512e-02
-1.143368713158188638e-01,-8.906374213226773140e-01,4.401046052899262317e-01
-7.867131939000669705e-02,-6.064261592310703497e-01,7.912383565687953757e-01
-1.065367408100515306e-01,-9.702372173923873300e-01,2.174618698628547342e-01
-9.413567464976706212e-02,-9.594950937801279833e-01,-2.655327470766958853e-01
-4.544314450708662745e-02,-3.696380253679353300e-01,9.280639260414131897e-01
-6.734655555786189796e-02,-6.580637870550549717e-01,7.499443270145133011e-01
-6.948550669220890375e-02,-9.068380465474573660e-01,4.157120658505338850e-01
-7.181992275065024467e-02,-9.942339629080227947e-01,7.962867383235064378e-02
-4.797762744267805579e-02,-8.830274379899062387e-01,-4.668626040088819096e-01
-5.227467197319185521e-02,-8.836819835114536614e-01,4.651596615006055035e-01
-4.396732571696619629e-02,-9.005880619423610733e-01,4.324442356607382520e-01
-3.189522507882162211e-02,-9.937450498476450012e-01,-1.070208882437100745e-01
-2.647978545155679070e-02,-7.657861711682272254e-01,6.425498898995672947e-01
-2.238334681092944700e-02,-7.656269399579870294e-01,6.428953060927654617e-01
-1.795267140543090750e-02,-8.982317638777200797e-01,4.391553255404383460e-01
-1.542999894626833138e-02,-5.462820436836300919e-01,8.374591595303944036e-01
-3.442413826526934638e-03,-8.638017786506505535e-01,-5.038200442489553232e-01
-1.301229936434626124e-02,-7.958897690350790199e-01,6.053017062676604443e-01
-4.185315571448597859e-03,-9.854773004001403658e-01,-1.697556288598968122e-01
-8.508654728819566374e-03,-8.724734689926109121e-01,4.885874012893755003e-01
-9.218992411410033283e-03,-6.225981421729038789e-01,7.824874206923501108e-01
2.367632462996510537e-04,-9.575671397882774549e-01,2.882101954144969946e-01
-1.936871478951836798e-04,-7.008919476530102166e-01,7.132674394646504323e-01
2.185148113197074235e-02,-8.620232407659406126e-01,-5.063975169288691403e-01
2.377703835583615602e-02,-9.987656614467516070e-01,4.360970031836743088e-02
2.436107243026188612e-02,-9.254253832732843854e-01,3.781460010942100936e-01
3.100217901939102474e-02,-8.786263375171150525e-01,-4.765024909875187897e-01
3.150632153464481139e-02,-9.879019727226486802e-01,1.518454608938134831e-01
2.368534000620172927e-02,-7.254481960445349209e-01,6.878691151116764768e-01
2.821857905095642022e-02,-8.043845970949810020e-01,5.934383976055898069e-01
4.681778396294753591e-02,-9.144571093791337146e-01,-4.019655336104798748e-01
4.430937749408735832e-02,-8.523518701125964991e-01,5.210882541198237350e-01
6.155500648337948466e-02,-7.987636729407646685e-01,-5.984877408661016807e-01
7.008775289052575352e-02,-8.879076018465481557e-01,-4.546512921766177051e-01
7.936082022668636271e-02,-8.638844141427411971e-01,-4.973988130406024610e-01
7.609043839941116716e-02,-9.071653721072794330e-01,4.138372057145737748e-01
9.077159456561294248e-02,-9.941278518905708461e-01,5.890952143291602189e-02
8.203398476147334695e-02,-9.238009107671538711e-01,3.739816875328677570e-01
9.272967566190748467e-02,-9.944061147392965205e-01,-5.057357235488318947e-02
6.996673808721559640e-02,-8.053217028147827694e-01,5.886948365128861216e-01
1.017955033604709264e-01,-9.826086407399446943e-01,-1.552994998021136053e-01
9.461999974146710624e-02,-9.472731009310074723e-01,3.061384129792897868e-01
9.585791389680989316e-02,-9.237215035298490529e-01,3.708771282512673406e-01
1.033662636962200954e-01,-9.306947443130421105e-01,-3.508884558339940285e-01
1.099517586880936620e-01,-8.964553100197429902e-01,-4.292767031866529526e-01
4.680331265672055957e-02,-4.110265789335100228e-01,9.104211120874626806e-01
1.514333285131148343e-01,-9.780116156574690800e-01,-1.433918639759798608e-01
9.013501210363714100e-02,-6.040991189412926454e-01,7.917953865029974114e-01
1.250945663309249722e-01,-7.694142985947372004e-01,6.263808638459880118e-01
1.645779262423062717e-01,-9.743358061443138096e-01,1.535703195897307749e-01
1.867944346662266664e-01,-9.717984451447267968e-01,-1.439292228562920883e-01
1.853310070135459064e-01,-9.178646646338308734e-01,3.509656325852577585e-01
2.036879545993695029e-01,-9.755308389912999978e-01,-8.276955556275189529e-02
1.784552051601861755e-01,-8.756684605813099820e-01,4.487298595975028337e-01
2.046871615932418509e-01,-9.737666542184307827e-01,-9.940658434502787355e-02
2.016387885711855843e-01,-9.158037521809793136e-01,-3.473403034990095173e-01
2.156571273779293862e-01,-9.577255063244427546e-01,1.904044588414073869e-01
1.810561341501561450e-01,-8.153444555717492825e-01,5.499382647670630897e-01
2.159565394756947920e-01,-8.965933541540491714e-01,-3.866304829478328653e-01
2.197828125926388765e-01,-8.961737680868469003e-01,-3.854453173692621859e-01
1.128197995208040788e-01,-4.965614874826251302e-01,8.606383572588013342e-01
2.183777001980627686e-01,-8.966998132375113562e-01,3.850202916678772680e-01
2.380325372442818055e-01,-9.644008524653643333e-01,1.152020267926227859e-01
1.457549163718113161e-01,-6.162663901951319634e-01,7.739323230549991495e-01
1.883927137525890638e-01,-7.771887549754515900e-01,6.004047172904644070e-01
2.451324911719452715e-01,-9.641240721708209671e-01,-1.018569351226995129e-01
2.325182056413949983e-01,-9.034707598591025235e-01,-3.601053597558940278e-01
2.483866611310344974e-01,-9.331233661061344442e-01,2.599708641346824556e-01
7.539814769842624609e-02,-3.116685055227506607e-01,9.471947328764351859e-01
2.312527996269599373e-01,-8.667018097498228046e-01,4.419842934325552419e-01
2.191953909141825529e-01,-8.178342234223956453e-01,5.320719534058019340e-01
2.645599612058621153e-01,-9.591709987822585326e-01,-9.999510998942648388e-02
2.339430473027231672e-01,-8.349120091397883581e-01,-4.981893090110201539e-01
2.586905373177576517e-01,-8.921134979234125462e-01,-3.704223437174155587e-01
2.789694790010078806e-01,-9.577230927821989148e-01,-7.030296819911496797e-02
2.550139210630597009e-01,-8.481230066389250366e-01,-4.643869783637278870e-01
2.733446268063762785e-01,-9.315961068367620834e-01,2.396067793754405317e-01
2.840197503187298911e-01,-9.550333116036978653e-01,-8.511260280452320748e-02
2.378428164600701056e-01,-8.164658427038399280e-01,5.261314686998391776e-01
2.797691674769599013e-01,-8.905199359796107661e-01,-3.587526397841815373e-01
1.793796468368451524e-01,-5.828111901286852081e-01,7.925617067216118583e-01
2.927286791211073380e-01,-8.557214729986600821e-01,-4.266739751484912579e-01
1.682017454575460425e-01,-5.201805448972549595e-01,8.373293100897816199e-01
1.693522114531722800e-01,-5.067281659486924106e-01,8.453084610425914969e-01
1.183246722301242310e-01,-3.611874001437102022e-01,9.249556388925151973e-01
2.572780360288541290e-01,-7.433067790603282710e-01,6.174974043508976163e-01
3.255760159674676024e-01,-9.067835788034823707e-01,-2.678503295482388968e-01
3.359735461494735009e-01,-9.416809610016085852e-01,1.894053787078402509e-02
1.969686980480569172e-01,-5.632157468988887583e-01,8.024907192200918526e-01
3.427305918008148322e-01,-9.346804320907817765e-01,-9.438342709635413885e-02
9.272107906631754659e-02,-2.710090292155691860e-01,9.581006771631113139e-01
3.639253208323963151e-01,-9.298419363725722864e-01,5.433538644330141582e-02
3.428370714444860523e-01,-8.762047791310201283e-01,3.387151125523165107e-01
3.685981348519379308e-01,-9.295700558447363981e-01,5.909844370723896928e-03
3.405501727738847184e-01,-8.234817085447064811e-01,-4.537658597955208095e-01
3.430190265637865221e-01,-8.415394378995511016e-01,4.173120198064511621e-01
3.848994264335027782e-01,-9.216751151593142177e-01,-4.865607492621477209e-02
3.405835542733087751e-01,-8.149735053716699040e-01,4.688507524796914905e-01
3.958039645629535808e-01,-9.093101263084765185e-01,1.284301982756022864e-01
3.964028519595952926e-01,-8.995982101707934442e-01,-1.832698535379024829e-01
1.363096555260271125e-01,-3.197281340997419896e-01,9.376532397829557830e-01
2.613668601279868220e-01,-5.840080574562475091e-01,7.685193252306786738e-01
4.083885686932466341e-01,-8.686239997176664618e-01,-2.805550286043091979e-01
3.632985628683105261e-01,-7.846610426318773035e-01,5.023158392820950002e-01
4.070612148600606384e-01,-8.626216980218341934e-01,3.003081308565906937e-01
3.898811031389740611e-01,-7.999800139897804696e-01,4.560972512875377527e-01
3.262011497803655735e-01,-6.706672720351616324e-01,6.661818221048080302e-01
4.212500087744305843e-01,-8.415683816639989434e-01,-3.380992296515623607e-01
3.493222555350692926e-01,-7.140277755675120686e-01,6.067440131604121545e-01
4.395621104303329973e-01,-8.791261839672672718e-01,1.841800850721444782e-01
3.119613494673644238e-01,-6.327690352239054850e-01,7.087195951152392981e-01
4.281877516116192606e-01,-8.459396229354450014e-01,3.178701051021051160e-01
4.592213428605912973e-01,-8.748423388019732627e-01,1.541643295344575781e-01
3.894658288708587879e-01,-7.436748844573010109e-01,5.433820335356652764e-01
3.671151548975334356e-01,-6.993748999547387823e-01,6.132709126950822709e-01
4.712215373049985501e-01,-8.818402819914414881e-01,1.754935432341735158e-02
2.794270044538086362e-01,-5.332000350337071648e-01,7.985100323865846894e-01
1.535058674837825321e-01,-3.007097744060699407e-01,9.412808190039261280e-01
4.729066122037013375e-01,-8.687394928489742263e-01,1.471428887120444229e-01
4.340798257801289917e-01,-7.843916926617477969e-01,-4.430624982256239908e-01
4.791756722493341059e-01,-8.705972436994393604e-01,1.115845615994342371e-01
4.345239709738291101e-01,-7.763220869076098429e-01,-4.566321670979261449e-01
3.976852614800782115e-01,-7.151846302651835297e-01,5.747672376136051531e-01
4.450927676745596862e-01,-7.791190310217190884e-01,-4.414362509622176689e-01
2.506592822636705131e-01,-4.525582820212705193e-01,8.557808864359016665e-01
4.669075108332873536e-01,-8.189357554851113274e-01,3.336788946210018092e-01
4.515205315844407763e-01,-7.615191343732227169e-01,-4.649922768618435787e-01
4.375432730655526847e-01,-7.258487899194003834e-01,-5.307536324582481368e-01
3.239836824219695099e-01,-5.535441164112545609e-01,7.672180164143591607e-01
5.164439199373549449e-01,-8.562314920446196798e-01,-1.238182501828791367e-02
5.114015502520842249e-01,-8.499526110019200997e-01,1.266847009341842134e-01
2.150898020469183269e-01,-3.670702475952838384e-01,9.049838729976101837e-01
4.880698433306663309e-01,-8.030627332059498968e-01,3.418743549419410721e-01
1.923223854278579559e-01,-3.238487975737835423e-01,9.263552538704322714e-01
2.445416180151315511e-01,-4.008332038252587770e-01,8.829111732047114636e-01
5.420375537757052831e-01,-8.402319829573129395e-01,-1.433544950363651281e-02
5.490530742065807823e-01,-8.356017923288623361e-01,-1.761721774559323397e-02
3.773193422586247348e-01,-5.720628090363851781e-01,7.282679839694445878e-01
5.111312630314468475e-01,-7.613370342976121252e-01,3.988868914351466066e-01
4.938454509081531274e-01,-7.337548121678625357e-01,4.666053431303886501e-01
5.517271076122134410e-01,-8.054126928093919835e-01,-2.165816081466410969e-01
3.749526562349815850e-01,-5.586639156444797027e-01,7.398007400233588271e-01
5.530773279115055452e-01,-8.043189268764430189e-01,-2.172015958012187553e-01
4.286049653935318782e-01,-6.299534307430530999e-01,6.476545828874114008e-01
5.398887781609988945e-01,-7.754015709881654228e-01,-3.275248248986765143e-01
4.455285196045690177e-01,-6.495424655673176506e-01,6.161159985292471442e-01
5.580855226717202910e-01,-7.895874664233970552e-01,-2.551316958970668014e-01
4.437864653243879798e-01,-6.208563556500079628e-01,6.462127813993441272e-01
4.970211761873753464e-01,-6.849600069536190272e-01,5.327285793867418962e-01
6.067788159980618268e-01,-7.932750066943459188e-01,-5.034115821150345060e-02
5.234249662473329234e-01,-6.858820663360619685e-01,5.055611691848498346e-01
5.080964839334703997e-01,-6.393181386414596989e-01,5.771570675461437094e-01
6.311557009176140820e-01,-7.743791151009820073e-01,-4.449120468828877267e-02
6.140845642312232622e-01,-7.479314067843584324e-01,2.519896004173965975e-01
6.370980826132948138e-01,-7.705413335956042831e-01,-1.928953994192003987e-02
6.408070651568305021e-01,-7.676550282311959128e-01,8.488985596134845588e-03
6.110038263968221584e-01,-7.278434653157825895e-01,-3.113169030514649216e-01
5.514506428138433725e-01,-6.491278169762612071e-01,-5.239611300161802765e-01
4.556489538694655228e-01,-5.361831206155417417e-01,7.105573108515885750e-01
5.319238814215355715e-01,-6.151355579573666299e-01,5.819495078698214696e-01
5.958768613229586952e-01,-6.802153811538383943e-01,4.268931966916758025e-01
5.686877493788682347e-01,-6.446998516286478464e-01,5.108388640426616556e-01
6.386180983174860604e-01,-7.176618955211226947e-01,2.777198736467864082e-01
5.501024785704046183e-01,-6.206218140717714160e-01,5.587627644796682169e-01
6.657049763771465400e-01,-7.410508366234599409e-01,-8.763870130469167408e-02
5.500809720035627626e-01,-6.153401488687150200e-01,5.645949215409604705e-01
3.116286363434808693e-01,-3.544386226766590431e-01,8.816239877440810169e-01
6.075935920739805596e-01,-6.525816800092081316e-01,-4.527330093852190984e-01
5.992714607883092848e-01,-6.456269226911801606e-01,4.733282085202218936e-01
6.075047228583688730e-01,-6.507381202654323182e-01,4.554974319775997316e-01
6.090187015217333188e-01,-6.386392704626021599e-01,4.703574209255950711e-01
6.736482155062846200e-01,-6.999527519901468375e-01,2.372008151896157213e-01
1.096006678049374072e-01,-1.221984143042006005e-01,9.864356244369171245e-01
6.013292636164765392e-01,-5.945890456411933034e-01,-5.337293167158432272e-01
5.220913196297121139e-01,-5.121181860372665540e-01,-6.820231795893784144e-01
6.685906111761013015e-01,-6.659024036832295046e-01,3.309993707185329148e-01
3.586306040258007144e-01,-3.604399208783006792e-01,8.610848699712089216e-01
7.177673385104367254e-01,-6.896480163845090106e-01,9.589401057707439002e-02
6.138928847835738445e-01,-5.804704489809958678e-01,-5.349668997909148294e-01
5.201087388133350808e-01,-4.981930740927035250e-01,6.937510798089355779e-01
6.604445462804415801e-01,-6.205874699153287599e-01,-4.227105315372597372e-01
5.679155680856819988e-01,-5.346076213096103702e-01,6.258327242671137824e-01
4.898853590661187418e-01,-4.624456787395694324e-01,7.390239029880960597e-01
7.216321393008833240e-01,-6.636038247129605328e-01,-1.971725623771241886e-01
2.698244900057306106e-01,-2.482612325486261429e-01,9.303553649044994378e-01
6.444630170816858517e-01,-5.755252791869415185e-01,5.034263328738015630e-01
7.052258134386288901e-01,-6.150361123589496160e-01,-3.526856001514859229e-01
5.916173787620141455e-01,-5.197866827848982574e-01,6.162878236232116613e-01
7.510423676523920733e-01,-6.538882796900710170e-01,9.146299620638149996e-02
3.508644646347731655e-01,-2.981342160374300110e-01,8.876993391257543831e-01
3.977692490461335884e-01,-3.359527014439480652e-01,8.537654285023423828e-01
7.392118860263480196e-01,-6.080241978299677497e-01,-2.896072554522657327e-01
7.262127114125541683e-01,-5.981824716884422966e-01,3.388109035251555268e-01
7.266559014072223599e-01,-5.875948564601826130e-01,-3.559543307948292434e-01
7.251689604531353917e-01,-5.733892712166298589e-01,-3.812541441728614644e-01
7.334203364605647035e-01,-5.692921935720506310e-01,-3.714848696838069508e-01
7.266579439378409999e-01,-5.578445667020083265e-01,4.009709115547886449e-01
7.937073600873029156e-01,-6.005030299579202646e-01,-9.708108752275830533e-02
5.624766216012782039e-01,-4.162804412351822081e-01,7.143743027272568824e-01
6.303796086364177320e-01,-4.631586760163700633e-01,6.229812114712289794e-01
8.174096989899974908e-01,-5.747249665865861168e-01,3.914839433653807127e-02
7.849770076799974516e-01,-5.491790451283499186e-01,-2.867289204207891240e-01
7.983961313769790680e-01,-5.510422855843229994e-01,-2.427262179911330031e-01
5.967494104007724509e-01,-4.171309606111029966e-01,6.854866175834426478e-01
7.571576005886847538e-01,-5.203151474200203852e-01,-3.949487501386330646e-01
7.813865687916513592e-01,-5.337338387527298389e-01,-3.233623655935936037e-01
5.751454962605868637e-01,-3.947694730956313180e-01,7.164947461377235705e-01
8.172031961026873237e-01,-5.502426227653924862e-01,1.714992488957741423e-01
8.210566707813250487e-01,-5.485866182947382041e-01,-1.578564714968316018e-01
7.925067917688332075e-01,-5.319821477414821143e-01,2.982079467160982378e-01
7.487872488929180337e-01,-5.020030724032876757e-01,4.327939130729944184e-01
4.290864556526829965e-01,-2.907682854913593573e-01,8.551833825138520639e-01
2.640083421816914466e-01,-1.815807977022463326e-01,9.472739884343340799e-01
7.680488855716908203e-01,-5.080071197381801351e-01,3.899098301753907148e-01
8.034679453123301229e-01,-5.265761807620573665e-01,-2.777711048860688203e-01
2.510816110781040611e-01,-1.708485092728772581e-01,9.527690231413168398e-01
7.531236514856177733e-01,-4.965935510989151758e-01,4.315085289770515531e-01
4.020940352773020310e-01,-2.675343617578505029e-01,8.756401955559346417e-01
4.098487958605299686e-01,-2.676317400750813369e-01,8.720075780840770285e-01
7.997790183011300735e-01,-4.786578680570075517e-01,3.622708478920173558e-01
3.814332810477049085e-01,-2.277146018406017991e-01,8.959099911362518043e-01
8.747296404367448375e-01,-4.765220536690958908e-01,8.817476117569246485e-02
8.783519449266022905e-01,-4.779819269321563535e-01,-5.580176509564938048e-03
3.953265759623889597e-01,-2.194000102430086752e-01,8.919532128106391067e-01
6.213099129590953229e-01,-3.372267619203231925e-01,7.072850225358198184e-01
7.961238057780258837e-01,-4.277205251810971554e-01,4.280677962803539627e-01
7.323525266752491936e-01,-3.876243359394606625e-01,-5.598277867879286607e-01
4.683053404857384083e-01,-2.415681032642013892e-01,8.499029118422131157e-01
2.689559698387954390e-01,-1.402981109639150625e-01,9.528793870936814736e-01
4.528726269388653747e-01,-2.319669323487884016e-01,8.608703305760885272e-01
7.346726753504313479e-01,-3.711232842581300706e-01,5.679115846457958305e-01
6.724266481933546258e-01,-3.329060838175476045e-01,-6.610718131615614945e-01
6.882301092967919587e-01,-3.435951796736445574e-01,6.389692239555531117e-01
7.106323734758150934e-01,-3.467137242020291166e-01,6.122019464344171658e-01
8.920870927824557928e-01,-4.310916913967872133e-01,-1.354273698319635733e-01
8.453848310762351881e-01,-3.870771410820008640e-01,-3.680975064272917763e-01
6.343459275383692697e-01,-2.853081858332567888e-01,-7.184737178992852691e-01
4.877291152584732892e-01,-2.147583731043040123e-01,-8.461673305622118280e-01
5.590716026207748213e-01,-2.502019236620223741e-01,7.904669129943783235e-01
9.171745094813114063e-01,-3.899867475319752086e-01,8.186119903316341206e-02
9.219109943853568412e-01,-3.874015916026901651e-01,-3.539139798217053501e-04
9.219222646218354633e-01,-3.873747747951372666e-01,-3.490658433100967415e-04
6.670916063969941634e-01,-2.771428682072881733e-01,-6.915060515111313144e-01
4.831624294893945848e-01,-2.021814102613764819e-01,8.518666234068728027e-01
6.211702480274461369e-01,-2.587908463889597721e-01,7.397126609642469264e-01
9.337516874892629604e-01,-3.502458909481029337e-01,-7.372653514795959873e-02
5.134708736071884605e-01,-1.903675066124877469e-01,8.367244913250807548e-01
8.088169222639375322e-01,-2.929007385406080521e-01,-5.099258216857212034e-01
6.733501504136484295e-01,-2.433672706711483280e-01,6.981202951526285228e-01
6.449282843602019977e-01,-2.262667094897115039e-01,-7.299800574049299939e-01
8.943583717345894302e-01,-3.097503415109738034e-01,-3.227659040885347830e-01
8.157770843365588220e-01,-2.848754552784811822e-01,5.033425510040065998e-01
7.300417959486196207e-01,-2.510647895514772077e-01,6.356142286132261399e-01
7.047475331406325427e-01,-2.423487807086354973e-01,6.667818106556526736e-01
9.279358202615859419e-01,-3.073646228507038725e-01,2.108603853152651308e-01
8.699089027844628674e-01,-2.888252117646176731e-01,3.997980714128768764e-01
8.953044663065695685e-01,-2.928396064487575057e-01,-3.356707873891405236e-01
9.264827993546072005e-01,-2.939347340547571186e-01,-2.350148816909470029e-01
8.671463168731314841e-01,-2.733963176086303126e-01,4.163072406905789502e-01
3.846897227011142895e-01,-1.218829900135148941e-01,9.149635806924258929e-01
9.487231318566005100e-01,-2.872722364813283247e-01,-1.319055769375165887e-01
6.958603821742241902e-01,-2.126352048601955480e-01,6.859771119901927339e-01
6.338005841115654793e-01,-1.888488080360551935e-01,-7.500886262857207054e-01
8.103092206760504901e-01,-2.325501376871098591e-01,-5.378841886029726016e-01
6.216398069301936058e-01,-1.769810108526176096e-01,7.630476212120560486e-01
8.373330665762620528e-01,-2.335841232902645115e-01,-4.942790638543287374e-01
5.269066977342248270e-01,-1.409747939346451262e-01,8.381500100566119382e-01
8.558513060378956094e-01,-2.142803781566119392e-01,4.707467062978642480e-01
3.756761900942974797e-01,-9.445337700397775371e-02,9.219251378332069535e-01
6.231404005345073660e-01,-1.548369929657638089e-01,7.666299934329556809e-01
9.370986265062030141e-01,-2.303397021533539757e-01,2.622780696362015385e-01
8.907004460122771583e-01,-2.110383137982249357e-01,-4.026357480188918481e-01
9.602875934875230168e-01,-2.260956013130514253e-01,1.634885832736696354e-01
8.788914848431950144e-01,-2.064928086076479041e-01,4.300121833895512169e-01
9.099034086093308327e-01,-2.040267851561780588e-01,-3.611770451453913400e-01
9.646757403271553066e-01,-2.159620621620817471e-01,1.508678353094390356e-01
9.021810778990582147e-01,-2.003666914296572676e-01,-3.819980257101154297e-01
2.457893423594276205e-01,-5.685979738790592625e-02,9.676541544495772529e-01
9.747475530664750920e-01,-1.968829368949734648e-01,-1.053770228775197659e-01
9.692161598008837142e-01,-1.888720328141596794e-01,-1.579474304997541267e-01
9.734079390513868946e-01,-1.854747477638197806e-01,-1.344473954142619276e-01
9.809726283161820382e-01,-1.855118660414342424e-01,5.725425794005824243e-02
6.447419819289830212e-01,-1.202380290792927076e-01,7.548844899065114689e-01
8.295207027798849886e-01,-1.506622191818091649e-01,-5.377697456819026112e-01
3.667402027468933401e-01,-6.693731521192053391e-02,9.279121830870568077e-01
9.807250849748052612e-01,-1.714138138698737268e-01,9.378492477869436461e-02
9.268595582477815453e-01,-1.510732107154889869e-01,-3.436688002842862022e-01
9.643419158834937166e-01,-1.567219227112565394e-01,2.132672225444865732e-01
4.596449794570844349e-01,-7.107808131130997908e-02,8.852538614527468708e-01
9.072750315702321489e-01,-1.381034189981878990e-01,3.972146305843290426e-01
9.255508846453803784e-01,-1.381318406644592711e-01,-3.525268139117962440e-01
9.841181230871640651e-01,-1.384474484178105647e-01,1.111027625128877261e-01
9.664818679048483574e-01,-1.308667178442565748e-01,2.208771178094894316e-01
7.684734869560431170e-01,-9.677419819817445479e-02,6.325213469984398706e-01
8.487187263768662948e-01,-9.687434942053237130e-02,5.198960318386539603e-01
6.855873663817158015e-01,-6.732813755817770862e-02,7.248702538735674050e-01
9.913764346584788001e-01,-8.695214377047733034e-02,9.804126425929637900e-02
2.133121870329652559e-01,-1.927529715970239046e-02,9.767939259550186826e-01
9.490294437413369089e-01,-7.567640597548583314e-02,-3.059676396134765053e-01
9.610537868807473849e-01,-7.367488065269842124e-02,-2.663599644897590157e-01
9.811991652271927489e-01,-7.130871187485356144e-02,1.793411993051489683e-01
8.694168079677804251e-01,-6.082731317871029747e-02,4.903207643926316139e-01
6.880838236447865963e-01,-4.197953580315257754e-02,7.244158820816410937e-01
9.963899109686703559e-01,-5.923282597452238923e-02,6.081626136911980063e-02
5.194063672139087595e-01,-2.936140354843664105e-02,8.540227945900015216e-01
9.443255956254191785e-01,-3.096214203121354022e-02,3.275523091164769807e-01
5.371464381246718878e-01,-1.316666197828775427e-02,8.433862359692192445e-01
9.052188298431085300e-01,-8.854332762063630430e-03,4.248534699032265882e-01
9.980578114363299891e-01,-5.777497185784647576e-03,-6.202600710340318985e-02
9.928295427500846149e-01,-2.981893820449493283e-03,1.195014951868864639e-01
9.944596519628914333e-01,8.504938998020048629e-03,-1.047743605587020538e-01
9.830351887520321075e-01,1.931148325905713420e-02,-1.823975994622513974e-01
